Workbook

Sheet استیکرها
A1: نام استیکر (مثل اسم فایل PNG، بدون .png) | B1: دسته‌ها (چند تا را با «،» جدا کن) | C1: یادداشت (این استیکر چیست؟) | D1: بررسی دسته‌ها (خودکار، دست نزن)
A2: تانجیرو Tanjiro | B2: Demon Slayer، کیوت‌طوری | C2: تانجیرو از انیمه‌ی دیمن اسلیر | D2: =IF(TRIM($B2)="","",IFERROR("✗ این دسته تو سایت نیست: "&TRIM(MID(SUBSTITUTE(SUBSTITUTE($B2,",","،"),"،",REPT(" ",200)),(MATCH(1,INDEX((TRIM(MID(SUBSTITUTE(SUBSTITUTE($B2,",","،"),"،",REPT(" ",200)),(ROW($1:$8)-1)*200+1,200))<>"")*(COUNTIF('دسته‌های سایت'!$A$2:$A$338,TRIM(MID(SUBSTITUTE(SUBSTITUTE($B2,",","،"),"،",REPT(" ",200)),(ROW($1:$8)-1)*200+1,200)))=0),0),0)-1)*200+1,200)),"✓ درست"))
A3: گربه‌ی خوابالو | B3: کیوت‌طوری، meme | C3: گربه‌ی سفیدی که روی بالش خوابیده | D3: =IF(TRIM($B3)="","",IFERROR("✗ این دسته تو سایت نیست: "&TRIM(MID(SUBSTITUTE(SUBSTITUTE($B3,",","،"),"،",REPT(" ",200)),(MATCH(1,INDEX((TRIM(MID(SUBSTITUTE(SUBSTITUTE($B3,",","،"),"،",REPT(" ",200)),(ROW($1:$8)-1)*200+1,200))<>"")*(COUNTIF('دسته‌های سایت'!$A$2:$A$338,TRIM(MID(SUBSTITUTE(SUBSTITUTE($B3,",","،"),"،",REPT(" ",200)),(ROW($1:$8)-1)*200+1,200)))=0),0),0)-1)*200+1,200)),"✓ درست"))
D4: =IF(TRIM($B4)="","",IFERROR("✗ این دسته تو سایت نیست: "&TRIM(MID(SUBSTITUTE(SUBSTITUTE($B4,",","،"),"،",REPT(" ",200)),(MATCH(1,INDEX((TRIM(MID(SUBSTITUTE(SUBSTITUTE($B4,",","،"),"،",REPT(" ",200)),(ROW($1:$8)-1)*200+1,200))<>"")*(COUNTIF('دسته‌های سایت'!$A$2:$A$338,TRIM(MID(SUBSTITUTE(SUBSTITUTE($B4,",","،"),"،",REPT(" ",200)),(ROW($1:$8)-1)*200+1,200)))=0),0),0)-1)*200+1,200)),"✓ درست"))
D5: =IF(TRIM($B5)="","",IFERROR("✗ این دسته تو سایت نیست: "&TRIM(MID(SUBSTITUTE(SUBSTITUTE($B5,",","،"),"،",REPT(" ",200)),(MATCH(1,INDEX((TRIM(MID(SUBSTITUTE(SUBSTITUTE($B5,",","،"),"،",REPT(" ",200)),(ROW($1:$8)-1)*200+1,200))<>"")*(COUNTIF('دسته‌های سایت'!$A$2:$A$338,TRIM(MID(SUBSTITUTE(SUBSTITUTE($B5,",","،"),"،",REPT(" ",200)),(ROW($1:$8)-1)*200+1,200)))=0),0),0)-1)*200+1,200)),"✓ درست"))
D6: =IF(TRIM($B6)="","",IFERROR("✗ این دسته تو سایت نیست: "&TRIM(MID(SUBSTITUTE(SUBSTITUTE($B6,",","،"),"،",REPT(" ",200)),(MATCH(1,INDEX((TRIM(MID(SUBSTITUTE(SUBSTITUTE($B6,",","،"),"،",REPT(" ",200)),(ROW($1:$8)-1)*200+1,200))<>"")*(COUNTIF('دسته‌های سایت'!$A$2:$A$338,TRIM(MID(SUBSTITUTE(SUBSTITUTE($B6,",","،"),"،",REPT(" ",200)),(ROW($1:$8)-1)*200+1,200)))=0),0),0)-1)*200+1,200)),"✓ درست"))
D7: =IF(TRIM($B7)="","",IFERROR("✗ این دسته تو سایت نیست: "&TRIM(MID(SUBSTITUTE(SUBSTITUTE($B7,",","،"),"،",REPT(" ",200)),(MATCH(1,INDEX((TRIM(MID(SUBSTITUTE(SUBSTITUTE($B7,",","،"),"،",REPT(" ",200)),(ROW($1:$8)-1)*200+1,200))<>"")*(COUNTIF('دسته‌های سایت'!$A$2:$A$338,TRIM(MID(SUBSTITUTE(SUBSTITUTE($B7,",","،"),"،",REPT(" ",200)),(ROW($1:$8)-1)*200+1,200)))=0),0),0)-1)*200+1,200)),"✓ درست"))
D8: =IF(TRIM($B8)="","",IFERROR("✗ این دسته تو سایت نیست: "&TRIM(MID(SUBSTITUTE(SUBSTITUTE($B8,",","،"),"،",REPT(" ",200)),(MATCH(1,INDEX((TRIM(MID(SUBSTITUTE(SUBSTITUTE($B8,",","،"),"،",REPT(" ",200)),(ROW($1:$8)-1)*200+1,200))<>"")*(COUNTIF('دسته‌های سایت'!$A$2:$A$338,TRIM(MID(SUBSTITUTE(SUBSTITUTE($B8,",","،"),"،",REPT(" ",200)),(ROW($1:$8)-1)*200+1,200)))=0),0),0)-1)*200+1,200)),"✓ درست"))
D9: =IF(TRIM($B9)="","",IFERROR("✗ این دسته تو سایت نیست: "&TRIM(MID(SUBSTITUTE(SUBSTITUTE($B9,",","،"),"،",REPT(" ",200)),(MATCH(1,INDEX((TRIM(MID(SUBSTITUTE(SUBSTITUTE($B9,",","،"),"،",REPT(" ",200)),(ROW($1:$8)-1)*200+1,200))<>"")*(COUNTIF('دسته‌های سایت'!$A$2:$A$338,TRIM(MID(SUBSTITUTE(SUBSTITUTE($B9,",","،"),"،",REPT(" ",200)),(ROW($1:$8)-1)*200+1,200)))=0),0),0)-1)*200+1,200)),"✓ درست"))
D10: =IF(TRIM($B10)="","",IFERROR("✗ این دسته تو سایت نیست: "&TRIM(MID(SUBSTITUTE(SUBSTITUTE($B10,",","،"),"،",REPT(" ",200)),(MATCH(1,INDEX((TRIM(MID(SUBSTITUTE(SUBSTITUTE($B10,",","،"),"،",REPT(" ",200)),(ROW($1:$8)-1)*200+1,200))<>"")*(COUNTIF('دسته‌های سایت'!$A$2:$A$338,TRIM(MID(SUBSTITUTE(SUBSTITUTE($B10,",","،"),"،",REPT(" ",200)),(ROW($1:$8)-1)*200+1,200)))=0),0),0)-1)*200+1,200)),"✓ درست"))
D11: =IF(TRIM($B11)="","",IFERROR("✗ این دسته تو سایت نیست: "&TRIM(MID(SUBSTITUTE(SUBSTITUTE($B11,",","،"),"،",REPT(" ",200)),(MATCH(1,INDEX((TRIM(MID(SUBSTITUTE(SUBSTITUTE($B11,",","،"),"،",REPT(" ",200)),(ROW($1:$8)-1)*200+1,200))<>"")*(COUNTIF('دسته‌های سایت'!$A$2:$A$338,TRIM(MID(SUBSTITUTE(SUBSTITUTE($B11,",","،"),"،",REPT(" ",200)),(ROW($1:$8)-1)*200+1,200)))=0),0),0)-1)*200+1,200)),"✓ درست"))
D12: =IF(TRIM($B12)="","",IFERROR("✗ این دسته تو سایت نیست: "&TRIM(MID(SUBSTITUTE(SUBSTITUTE($B12,",","،"),"،",REPT(" ",200)),(MATCH(1,INDEX((TRIM(MID(SUBSTITUTE(SUBSTITUTE($B12,",","،"),"،",REPT(" ",200)),(ROW($1:$8)-1)*200+1,200))<>"")*(COUNTIF('دسته‌های سایت'!$A$2:$A$338,TRIM(MID(SUBSTITUTE(SUBSTITUTE($B12,",","،"),"،",REPT(" ",200)),(ROW($1:$8)-1)*200+1,200)))=0),0),0)-1)*200+1,200)),"✓ درست"))
D13: =IF(TRIM($B13)="","",IFERROR("✗ این دسته تو سایت نیست: "&TRIM(MID(SUBSTITUTE(SUBSTITUTE($B13,",","،"),"،",REPT(" ",200)),(MATCH(1,INDEX((TRIM(MID(SUBSTITUTE(SUBSTITUTE($B13,",","،"),"،",REPT(" ",200)),(ROW($1:$8)-1)*200+1,200))<>"")*(COUNTIF('دسته‌های سایت'!$A$2:$A$338,TRIM(MID(SUBSTITUTE(SUBSTITUTE($B13,",","،"),"،",REPT(" ",200)),(ROW($1:$8)-1)*200+1,200)))=0),0),0)-1)*200+1,200)),"✓ درست"))
D14: =IF(TRIM($B14)="","",IFERROR("✗ این دسته تو سایت نیست: "&TRIM(MID(SUBSTITUTE(SUBSTITUTE($B14,",","،"),"،",REPT(" ",200)),(MATCH(1,INDEX((TRIM(MID(SUBSTITUTE(SUBSTITUTE($B14,",","،"),"،",REPT(" ",200)),(ROW($1:$8)-1)*200+1,200))<>"")*(COUNTIF('دسته‌های سایت'!$A$2:$A$338,TRIM(MID(SUBSTITUTE(SUBSTITUTE($B14,",","،"),"،",REPT(" ",200)),(ROW($1:$8)-1)*200+1,200)))=0),0),0)-1)*200+1,200)),"✓ درست"))
D15: =IF(TRIM($B15)="","",IFERROR("✗ این دسته تو سایت نیست: "&TRIM(MID(SUBSTITUTE(SUBSTITUTE($B15,",","،"),"،",REPT(" ",200)),(MATCH(1,INDEX((TRIM(MID(SUBSTITUTE(SUBSTITUTE($B15,",","،"),"،",REPT(" ",200)),(ROW($1:$8)-1)*200+1,200))<>"")*(COUNTIF('دسته‌های سایت'!$A$2:$A$338,TRIM(MID(SUBSTITUTE(SUBSTITUTE($B15,",","،"),"،",REPT(" ",200)),(ROW($1:$8)-1)*200+1,200)))=0),0),0)-1)*200+1,200)),"✓ درست"))
... D300: =IF(TRIM($B300)="","",IFERROR("✗ این دسته تو سایت نیست: "&TRIM(MID(SUBSTITUTE(SUBSTITUTE($B300,",","،"),"،",REPT(" ",200)),(MATCH(1,INDEX((TRIM(MID(SUBSTITUTE(SUBSTITUTE($B300,",","،"),"،",REPT(" ",200)),(ROW($1:$8)-1)*200+1,200))<>"")*(COUNTIF('دسته‌های سایت'!$A$2:$A$338,TRIM(MID(SUBSTITUTE(SUBSTITUTE($B300,",","،"),"،",REPT(" ",200)),(ROW($1:$8)-1)*200+1,200)))=0),0),0)-1)*200+1,200)),"✓ درست"))

Sheet دسته‌های سایت
A1: دسته (همین را بنویس)
A2: 13reasons why
A3: 20 Century Girl
A4: 25 21
A5: Aesthetic
A6: AI
A7: Alan Wake
A8: Among US
A9: Arcane
A10: Ashkan Kagan
A11: Assassin's Creed
A12: Attack On Titan
... A338: یوونتوس

Sheet راهنما
A1: هر استیکر یک ردیف.
A2: نام استیکر: دقیقاً مثل اسم فایل PNG (بدون .png).
A3: دسته‌ها: همه‌ی دسته‌های این استیکر را تو همین یک خونه بنویس و با «،» جدا کن (مثلاً: Demon Slayer، کیوت‌طوری).
A4: ستون «بررسی دسته‌ها» خودش می‌گوید درست نوشتی یا نه: سبز = درست، قرمز = یکی از دسته‌ها تو سایت نیست (اسمش را هم می‌نویسد).
A5: اسم دسته‌ها را از برگه‌ی «دسته‌های سایت» بردار: روی فلش ستونش بزن و چند حرف از اسمش را تایپ کن. بعد اسم را کپی کن.
A6: متن فارسی روی استیکر = «متن فارسی»؛ متن انگلیسی = «Text».
A7: دو ردیف نمونه‌ی خاکستری را پاک کن.
A8: اسم این فایل و اسم پوشه مهم نیست؛ ولی بهتر است اسم خودت باشد.
